District,Block,Block Code,TG Math,TG Hindi,Teacher Diary,Scan Date
Agra,Achhnera,101,0,0,0,
Agra,Achhnera (Mb),102,0,0,0,
Agra,Agra (M. Corp.),103,0,0,0,
Agra,Akola,104,0,0,0,
Agra,Baah (Np),105,0,0,0,
Agra,Bah,106,0,0,0,
Agra,Barauli Ahir,107,0,0,0,
Agra,Bichpuri,108,0,0,0,
Agra,Etmadpur (Mb),109,0,0,0,
Agra,Ettmadpur,110,0,0,0,
Agra,Fatehabad,111,0,0,0,
Agra,Fatehabad (Np),112,0,0,0,
Agra,Fatehpur Sikri,113,0,0,0,
Agra,Fatehpursikari (Mb),114,0,0,0,
Agra,Jagner,115,0,0,0,
Agra,Jagner (Np),116,0,0,0,
Agra,Jaitpur Kalan,117,0,0,0,
Agra,Khandauli,118,0,0,0,
Agra,Kheragarh,119,0,0,0,
Agra,Kheragarh (Np),120,0,0,0,
Agra,Kiraoli (Np),121,0,0,0,
Agra,Pinahat,122,0,0,0,
Agra,Pinahat (Np),123,0,0,0,
Agra,Saiyan,124,0,0,0,
Agra,Shamsabad,125,0,0,0,
Agra,Shamshabad (Np),126,0,0,0,
Aligarh,Akrabad,201,0,0,0,
Aligarh,Aligarh,202,0,0,0,
Aligarh,Atrauli,203,0,0,0,
Aligarh,Bijauli,204,0,0,0,
Aligarh,Chandaus,205,0,0,0,
Aligarh,Dhanipur,206,0,0,0,
Aligarh,Gangiri,207,0,0,0,
Aligarh,Gonda,208,0,0,0,
Aligarh,Iglas,209,0,0,0,
Aligarh,Jawan,210,0,0,0,
Aligarh,Khair,211,0,0,0,
Aligarh,Lodha,212,0,0,0,
Aligarh,Tappal,213,0,0,0,
Ambedkar Nagar,Akbarpur,301,0,0,0,
Ambedkar Nagar,Baskhari,302,0,0,0,
Ambedkar Nagar,Bhiti,303,0,0,0,
Ambedkar Nagar,Bhiyaon,304,0,0,0,
Ambedkar Nagar,Jahangirganj,305,0,0,0,
Ambedkar Nagar,Jalalpur,306,0,0,0,
Ambedkar Nagar,Katehari,307,0,0,0,
Ambedkar Nagar,Ramnagar,308,0,0,0,
Ambedkar Nagar,Tanda,309,0,0,0,
Ambedkar Nagar,Tanda Town Area,310,0,0,0,
Amethi,Amethi,401,0,0,0,
Amethi,Bahadurpur,402,0,0,0,
Amethi,Bhadar,403,0,0,0,
Amethi,Bhetua,404,0,0,0,
Amethi,Gauriganj,405,0,0,0,
Amethi,Jagdishpur,406,0,0,0,
Amethi,Jamo,407,0,0,0,
Amethi,Musafirkhana,408,0,0,0,
Amethi,Sangrampur,409,0,0,0,
Amethi,Shahgarh,410,0,0,0,
Amethi,Shukul Bazar,411,0,0,0,
Amethi,Singhpur,412,0,0,0,
Amethi,Tiloi,413,0,0,0,
Amroha,Amroha,501,0,0,0,
Amroha,Dhanaura,502,0,0,0,
Amroha,Gajraula,503,0,0,0,
Amroha,Gangeshwari,504,0,0,0,
Amroha,Hasanpur,505,0,0,0,
Amroha,Joya,506,0,0,0,
Auraiya,Achhalda,601,0,0,0,
Auraiya,Ajitmal,602,0,0,0,
Auraiya,Auraiya,603,0,0,0,
Auraiya,Bhagyanagar,604,0,0,0,
Auraiya,Bhagyanager,605,0,0,0,
Auraiya,Bidhuna,606,0,0,0,
Auraiya,Erwa Katra,607,0,0,0,
Auraiya,Nagar Achhalda,608,0,0,0,
Auraiya,Nagar Auraiya,609,0,0,0,
Auraiya,Sahar,610,0,0,0,
Ayodhya,Amaniganj,701,0,0,0,
Ayodhya,Bikapur,702,0,0,0,
Ayodhya,Haringtanganj,703,0,0,0,
Ayodhya,Masodha,704,0,0,0,
Ayodhya,Mawai,705,0,0,0,
Ayodhya,Maya Bazar,706,0,0,0,
Ayodhya,Milkipur,707,0,0,0,
Ayodhya,Nagar Ayodhya,708,0,0,0,
Ayodhya,Nagar Kshetra,709,0,0,0,
Ayodhya,Pura Bazar,710,0,0,0,
Ayodhya,Rudauli,711,0,0,0,
Ayodhya,Sohawal,712,0,0,0,
Ayodhya,Tarun,713,0,0,0,
Azamgarh,Ahiraula,801,0,0,0,
Azamgarh,Atrauliya,802,0,0,0,
Azamgarh,Azamat Garh,803,0,0,0,
Azamgarh,Azamgarh (Nagar Palika),804,0,0,0,
Azamgarh,Bilariaganj,805,0,0,0,
Azamgarh,Haraiya,806,0,0,0,
Azamgarh,Jahanaganj,807,0,0,0,
Azamgarh,Kolsa,808,0,0,0,
Azamgarh,Lalganj,809,0,0,0,
Azamgarh,Mahrajganj,810,0,0,0,
Azamgarh,Matinganj,811,0,0,0,
Azamgarh,Meh Nagar,812,0,0,0,
Azamgarh,Mirzapur,813,0,0,0,
Azamgarh,Mohammadpur,814,0,0,0,
Azamgarh,Palhana,815,0,0,0,
Azamgarh,Palhani,816,0,0,0,
Azamgarh,Pawai,817,0,0,0,
Azamgarh,Phulpur,818,0,0,0,
Azamgarh,Rani Ka Sarai,819,0,0,0,
Azamgarh,Sathiyaon,820,0,0,0,
Azamgarh,Tahbarpur,821,0,0,0,
Azamgarh,Tarwan,822,0,0,0,
Azamgarh,Tekma,823,0,0,0,
Baghpat,Baghpat,901,0,0,0,
Baghpat,Baraut,902,0,0,0,
Baghpat,Binauli,903,0,0,0,
Baghpat,Chhaprauli,904,0,0,0,
Baghpat,Khekara,905,0,0,0,
Baghpat,Nagar Baraut,906,0,0,0,
Baghpat,Pilana,907,0,0,0,
Bahraich,Bahraich Nagar Kchetra,1001,0,0,0,
Bahraich,Balha,1002,0,0,0,
Bahraich,Chittaura,1003,0,0,0,
Bahraich,Huzurpur,1004,0,0,0,
Bahraich,Jarwal,1005,0,0,0,
Bahraich,Kaisarganj,1006,0,0,0,
Bahraich,Mahasi,1007,0,0,0,
Bahraich,Mihinpurwa,1008,0,0,0,
Bahraich,Nawabganj,1009,0,0,0,
Bahraich,Payagpur,1010,0,0,0,
Bahraich,Phakharpur,1011,0,0,0,
Bahraich,Risia,1012,0,0,0,
Bahraich,Shivpur,1013,0,0,0,
Bahraich,Tejwapur,1014,0,0,0,
Bahraich,Visheshwarganj,1015,0,0,0,
Ballia,Bairia,1101,0,0,0,
Ballia,Bansdih,1102,0,0,0,
Ballia,Belhari,1103,0,0,0,
Ballia,Beruarwari,1104,0,0,0,
Ballia,Chilkahar,1105,0,0,0,
Ballia,Dubhad,1106,0,0,0,
Ballia,Garwar,1107,0,0,0,
Ballia,Hanumanganj,1108,0,0,0,
Ballia,Maniar,1109,0,0,0,
Ballia,Murli Chhapra,1110,0,0,0,
Ballia,Nagar Kshetra,1111,0,0,0,
Ballia,Nagra,1112,0,0,0,
Ballia,Navanagar,1113,0,0,0,
Ballia,Pandah,1114,0,0,0,
Ballia,Rasra,1115,0,0,0,
Ballia,Revati,1116,0,0,0,
Ballia,Siar,1117,0,0,0,
Ballia,Sohaon,1118,0,0,0,
Balrampur,Balrampur,1201,0,0,0,
Balrampur,Gaindas Buzurg,1202,0,0,0,
Balrampur,Gasari,1203,0,0,0,
Balrampur,Harya Satgharwa,1204,0,0,0,
Balrampur,Nagar Balrampur,1205,0,0,0,
Balrampur,Nagar Utarula,1206,0,0,0,
Balrampur,Pachperwa,1207,0,0,0,
Balrampur,Rahera Bazar,1208,0,0,0,
Balrampur,Shri Dutt Ganj,1209,0,0,0,
Balrampur,Tulsipur,1210,0,0,0,
Balrampur,Utraula,1211,0,0,0,
Banda,Baberu,1301,0,0,0,
Banda,Badokhar Khurd,1302,0,0,0,
Banda,Bisanda,1303,0,0,0,
Banda,Jaspura,1304,0,0,0,
Banda,Kamaseen,1305,0,0,0,
Banda,Mahua,1306,0,0,0,
Banda,Naraini,1307,0,0,0,
Banda,Tindwari,1308,0,0,0,
Banda,Town Banda,1309,0,0,0,
Barabanki,Banikodar,1401,0,0,0,
Barabanki,Banki,1402,0,0,0,
Barabanki,Banki City,1403,0,0,0,
Barabanki,Dariyabad,1404,0,0,0,
Barabanki,Dewa,1405,0,0,0,
Barabanki,Fatehpur,1406,0,0,0,
Barabanki,Haidergarh,1407,0,0,0,
Barabanki,Harakh,1408,0,0,0,
Barabanki,Masauli,1409,0,0,0,
Barabanki,Nindura,1410,0,0,0,
Barabanki,Puredalai,1411,0,0,0,
Barabanki,Ramnagar,1412,0,0,0,
Barabanki,Siddhaur,1413,0,0,0,
Barabanki,Sirauli Gauspur,1414,0,0,0,
Barabanki,Suratganj,1415,0,0,0,
Barabanki,Trivediganj,1416,0,0,0,
Bareilly,Alampur Jafarabad,1501,0,0,0,
Bareilly,Baheri,1502,0,0,0,
Bareilly,Bareilly City,1503,0,0,0,
Bareilly,Bhadpura,1504,0,0,0,
Bareilly,Bhojipura,1505,0,0,0,
Bareilly,Bhuta,1506,0,0,0,
Bareilly,Bithiri Chainpur,1507,0,0,0,
Bareilly,Damkhoda,1508,0,0,0,
Bareilly,Faridpur,1509,0,0,0,
Bareilly,Fatehganj West,1510,0,0,0,
Bareilly,Kyara,1511,0,0,0,
Bareilly,Majhgawan,1512,0,0,0,
Bareilly,Mirganj,1513,0,0,0,
Bareilly,Nawabganj,1514,0,0,0,
Bareilly,Ram Nagar,1515,0,0,0,
Bareilly,Shergarh,1516,0,0,0,
Basti,Babhanan,1601,0,0,0,
Basti,Bahadurpur,1602,0,0,0,
Basti,Bankati,1603,0,0,0,
Basti,Basti Sadar,1604,0,0,0,
Basti,Dubauliya,1605,0,0,0,
Basti,Gaur,1606,0,0,0,
Basti,Harraiya,1607,0,0,0,
Basti,Kaptanganj,1608,0,0,0,
Basti,Kudaraha,1609,0,0,0,
Basti,Parasurampur,1610,0,0,0,
Basti,Ramnagar,1611,0,0,0,
Basti,Rudhauli,1612,0,0,0,
Basti,Saltauwa Gopalpur,1613,0,0,0,
Basti,Sau Ghat,1614,0,0,0,
Basti,Vikramjot,1615,0,0,0,
Bhadohi,Abholi,1701,0,0,0,
Bhadohi,Aurai,1702,0,0,0,
Bhadohi,Bhadohi,1703,0,0,0,
Bhadohi,Digh,1704,0,0,0,
Bhadohi,Gyanpur,1705,0,0,0,
Bhadohi,Nagar Palika Bhadohi,1706,0,0,0,
Bhadohi,Suriyawan,1707,0,0,0,
Bijnor,Afzalgarh,1801,0,0,0,
Bijnor,Allhepur,1802,0,0,0,
Bijnor,Bijnor,1803,0,0,0,
Bijnor,Budhanpur,1804,0,0,0,
Bijnor,Chandpur,1805,0,0,0,
Bijnor,Dhampur,1806,0,0,0,
Bijnor,Haldaur,1807,0,0,0,
Bijnor,Jalilpur,1808,0,0,0,
Bijnor,Kiratpur,1809,0,0,0,
Bijnor,Kotwali,1810,0,0,0,
Bijnor,Mohammadpur Dewmal,1811,0,0,0,
Bijnor,Nagina,1812,0,0,0,
Bijnor,Najibabad,1813,0,0,0,
Bijnor,Nehtaur,1814,0,0,0,
Bijnor,Noorpur,1815,0,0,0,
Bijnor,Sahaspur (Nagar Panchayat),1816,0,0,0,
Bijnor,Seohara,1817,0,0,0,
Bijnor,Sherkot,1818,0,0,0,
Budaun,Ambiapur,1901,0,0,0,
Budaun,Asafpur,1902,0,0,0,
Budaun,Badaun,1903,0,0,0,
Budaun,Bilsi,1904,0,0,0,
Budaun,Bisauli,1905,0,0,0,
Budaun,Dahgawan,1906,0,0,0,
Budaun,Dataganj,1907,0,0,0,
Budaun,Islamnagar,1908,0,0,0,
Budaun,Jagat,1909,0,0,0,
Budaun,Kakrala,1910,0,0,0,
Budaun,Miaon,1911,0,0,0,
Budaun,Qadar Chowk,1912,0,0,0,
Budaun,Sahaswan,1913,0,0,0,
Budaun,Salarpur,1914,0,0,0,
Budaun,Samrer,1915,0,0,0,
Budaun,Ujahni,1916,0,0,0,
Budaun,Ujhani,1917,0,0,0,
Budaun,Usawan,1918,0,0,0,
Budaun,Wazirganj,1919,0,0,0,
Bulandshahr,Agauta,2001,0,0,0,
Bulandshahr,Anupshahr,2002,0,0,0,
Bulandshahr,Araniya,2003,0,0,0,
Bulandshahr,Bhawan Bahadur Nagar,2004,0,0,0,
Bulandshahr,Bulandshahr,2005,0,0,0,
Bulandshahr,Danpur,2006,0,0,0,
Bulandshahr,Dibai,2007,0,0,0,
Bulandshahr,Gulaothi,2008,0,0,0,
Bulandshahr,Jahangiraba,2009,0,0,0,
Bulandshahr,Jahangirabad,2010,0,0,0,
Bulandshahr,Khurja,2011,0,0,0,
Bulandshahr,Lakhaoti,2012,0,0,0,
Bulandshahr,Pahasu,2013,0,0,0,
Bulandshahr,Shikarpur,2014,0,0,0,
Bulandshahr,Sikandrabad,2015,0,0,0,
Bulandshahr,Syana,2016,0,0,0,
Bulandshahr,Unchagaon,2017,0,0,0,
Chandauli,Alinagar,2101,0,0,0,
Chandauli,Barahani,2102,0,0,0,
Chandauli,Cakiya,2103,0,0,0,
Chandauli,Chahaniya,2104,0,0,0,
Chandauli,Chakiya,2105,0,0,0,
Chandauli,Chandauli,2106,0,0,0,
Chandauli,Chandhasi,2107,0,0,0,
Chandauli,Dhanapur,2108,0,0,0,
Chandauli,Naugarh,2109,0,0,0,
Chandauli,Niyamatabad,2110,0,0,0,
Chandauli,PDDU Nagar (Mughalsarai),2111,0,0,0,
Chandauli,Saiyadraja,2112,0,0,0,
Chandauli,Sakaldiha,2113,0,0,0,
Chandauli,Shahabganj,2114,0,0,0,
Chitrakoot,Karwi,2201,0,0,0,
Chitrakoot,Manikpur,2202,0,0,0,
Chitrakoot,Mau,2203,0,0,0,
Chitrakoot,Nagar Kshetra,2204,0,0,0,
Chitrakoot,Pahari,2205,0,0,0,
Chitrakoot,Ramnagar,2206,0,0,0,
Deoria,Baitalpur,2301,0,0,0,
Deoria,Bankata,2302,0,0,0,
Deoria,Barahaj,2303,0,0,0,
Deoria,Barhaj,2304,0,0,0,
Deoria,Bhagalpur,2305,0,0,0,
Deoria,Bhaluani,2306,0,0,0,
Deoria,Bhatani,2307,0,0,0,
Deoria,Bhatni,2308,0,0,0,
Deoria,Bhatpar Rani,2309,0,0,0,
Deoria,Deoria,2310,0,0,0,
Deoria,Deoria (Nagar Kshetra),2311,0,0,0,
Deoria,Desahi Deoria,2312,0,0,0,
Deoria,Gauri Bazar,2313,0,0,0,
Deoria,Lar,2314,0,0,0,
Deoria,Majhauliraj,2315,0,0,0,
Deoria,Pathardewa,2316,0,0,0,
Deoria,Rampur Karkhana,2317,0,0,0,
Deoria,Rudrapur,2318,0,0,0,
Deoria,Salempur,2319,0,0,0,
Deoria,Tarkulwa,2320,0,0,0,
Etah,Aliganj,2401,0,0,0,
Etah,Awagarh,2402,0,0,0,
Etah,Etah,2403,0,0,0,
Etah,Jaithara,2404,0,0,0,
Etah,Jalesar,2405,0,0,0,
Etah,Marehra,2406,0,0,0,
Etah,Marhara,2407,0,0,0,
Etah,Nidhauli Kalan,2408,0,0,0,
Etah,Sakit,2409,0,0,0,
Etah,Shitalpur,2410,0,0,0,
Etawah,Badpura,2501,0,0,0,
Etawah,Basrehar,2502,0,0,0,
Etawah,Bharthana,2503,0,0,0,
Etawah,Chakarnagar,2504,0,0,0,
Etawah,Etawah,2505,0,0,0,
Etawah,Jaswantnagar,2506,0,0,0,
Etawah,Mahewa,2507,0,0,0,
Etawah,Saifai,2508,0,0,0,
Etawah,Takha,2509,0,0,0,
Farrukhabad,Barhpur,2601,0,0,0,
Farrukhabad,Farrukhabad,2602,0,0,0,
Farrukhabad,Kaimganj,2603,0,0,0,
Farrukhabad,Kamalganj,2604,0,0,0,
Farrukhabad,Kampil,2605,0,0,0,
Farrukhabad,Mohammadabad,2606,0,0,0,
Farrukhabad,Nawabgaj,2607,0,0,0,
Farrukhabad,Rajepur,2608,0,0,0,
Farrukhabad,Shamsabad,2609,0,0,0,
Farrukhabad,Shamshabad,2610,0,0,0,
Fatehpur,Airayan,2701,0,0,0,
Fatehpur,Amauli,2702,0,0,0,
Fatehpur,Ashothar,2703,0,0,0,
Fatehpur,Bahua,2704,0,0,0,
Fatehpur,Bhitaura,2705,0,0,0,
Fatehpur,Devmai,2706,0,0,0,
Fatehpur,Dhata,2707,0,0,0,
Fatehpur,Haswa,2708,0,0,0,
Fatehpur,Hathgaon,2709,0,0,0,
Fatehpur,Khajuha,2710,0,0,0,
Fatehpur,Malwan,2711,0,0,0,
Fatehpur,Nagar Kshetra Bindki,2712,0,0,0,
Fatehpur,Nagar Kshetra Fatehpur,2713,0,0,0,
Fatehpur,Teliyani,2714,0,0,0,
Fatehpur,Vijayipur,2715,0,0,0,
Firozabad,Araon,2801,0,0,0,
Firozabad,Eka,2802,0,0,0,
Firozabad,Firozabad,2803,0,0,0,
Firozabad,Jasrana,2804,0,0,0,
Firozabad,Khairgarh,2805,0,0,0,
Firozabad,Madanpur,2806,0,0,0,
Firozabad,Narkhi,2807,0,0,0,
Firozabad,Shikohabad,2808,0,0,0,
Firozabad,Tundla,2809,0,0,0,
Gautam Buddha Nagar,Bisrakh,2901,0,0,0,
Gautam Buddha Nagar,Dadari,2902,0,0,0,
Gautam Buddha Nagar,Dankaur,2903,0,0,0,
Gautam Buddha Nagar,Jewar,2904,0,0,0,
Ghaziabad,Bhojpur,3001,0,0,0,
Ghaziabad,City Zone Ghaziabad,3002,0,0,0,
Ghaziabad,Loni,3003,0,0,0,
Ghaziabad,Muradnagar,3004,0,0,0,
Ghaziabad,Nagar Ghaziabad,3005,0,0,0,
Ghaziabad,Rajapur,3006,0,0,0,
Ghazipur,Barachawar,3101,0,0,0,
Ghazipur,Bhadaura,3102,0,0,0,
Ghazipur,Bhawarkol,3103,0,0,0,
Ghazipur,Birno,3104,0,0,0,
Ghazipur,Deokali,3105,0,0,0,
Ghazipur,Ghazipur,3106,0,0,0,
Ghazipur,Karanda,3107,0,0,0,
Ghazipur,Kasimabad,3108,0,0,0,
Ghazipur,Manihari,3109,0,0,0,
Ghazipur,Mardah,3110,0,0,0,
Ghazipur,Mohammadabad,3111,0,0,0,
Ghazipur,Nagar Kshetra Bahadurgaj,3112,0,0,0,
Ghazipur,Nagar Kshetra Dildar Nagar,3113,0,0,0,
Ghazipur,Nagar Kshetra Ghazipur,3114,0,0,0,
Ghazipur,Nagar Kshetra Jangipur,3115,0,0,0,
Ghazipur,Nagar Kshetra Muhammadabad,3116,0,0,0,
Ghazipur,Nagar Kshetra Sadat,3117,0,0,0,
Ghazipur,Nagar Kshetra Saidpur,3118,0,0,0,
Ghazipur,Nagar Kshetra Zamaniya,3119,0,0,0,
Ghazipur,Reotipur,3120,0,0,0,
Ghazipur,Sadat,3121,0,0,0,
Ghazipur,Saidpur,3122,0,0,0,
Ghazipur,Zakhania,3123,0,0,0,
Ghazipur,Zamania,3124,0,0,0,
Gonda,Babhanjot,3201,0,0,0,
Gonda,Belsar,3202,0,0,0,
Gonda,Chhapia,3203,0,0,0,
Gonda,Colonelganj,3204,0,0,0,
Gonda,Haldharmau,3205,0,0,0,
Gonda,Itia Thok,3206,0,0,0,
Gonda,Jhanjhari,3207,0,0,0,
Gonda,Katra Bazar,3208,0,0,0,
Gonda,Mankapur,3209,0,0,0,
Gonda,Mujehana,3210,0,0,0,
Gonda,Nagar Colonalganj,3211,0,0,0,
Gonda,Nagar Gonda,3212,0,0,0,
Gonda,Nagar Nawabganj,3213,0,0,0,
Gonda,Nawabganj,3214,0,0,0,
Gonda,Pandri Kripal,3215,0,0,0,
Gonda,Paraspur,3216,0,0,0,
Gonda,Rupaidih,3217,0,0,0,
Gonda,Tarabganj,3218,0,0,0,
Gonda,Wazirganj,3219,0,0,0,
Gorakhpur,Bansgaon,3301,0,0,0,
Gorakhpur,Barhalganj,3302,0,0,0,
Gorakhpur,Belghat,3303,0,0,0,
Gorakhpur,Bharohiya,3304,0,0,0,
Gorakhpur,Bhathat,3305,0,0,0,
Gorakhpur,Brahmpur,3306,0,0,0,
Gorakhpur,Campierganj,3307,0,0,0,
Gorakhpur,Chargawan,3308,0,0,0,
Gorakhpur,Gagha,3309,0,0,0,
Gorakhpur,Gola,3310,0,0,0,
Gorakhpur,Gorakhpur,3311,0,0,0,
Gorakhpur,Jangal Kaudia,3312,0,0,0,
Gorakhpur,Kauriram,3313,0,0,0,
Gorakhpur,Khajni,3314,0,0,0,
Gorakhpur,Khorabar,3315,0,0,0,
Gorakhpur,Pali,3316,0,0,0,
Gorakhpur,Pipraich,3317,0,0,0,
Gorakhpur,Piprauli,3318,0,0,0,
Gorakhpur,Sahjanwa,3319,0,0,0,
Gorakhpur,Sardarnagar,3320,0,0,0,
Gorakhpur,Uruwa,3321,0,0,0,
Hamirpur,Gohand,3401,0,0,0,
Hamirpur,Hamirpur,3402,0,0,0,
Hamirpur,Kurara,3403,0,0,0,
Hamirpur,Maudaha,3404,0,0,0,
Hamirpur,Muskra,3405,0,0,0,
Hamirpur,Rath,3406,0,0,0,
Hamirpur,Sarila,3407,0,0,0,
Hamirpur,Sumerpur,3408,0,0,0,
Hapur,Dahaulana,3501,0,0,0,
Hapur,Garhmukteshwar,3502,0,0,0,
Hapur,Hapur,3503,0,0,0,
Hapur,Nagar Hapur,3504,0,0,0,
Hapur,Nagar Pilkhuwa,3505,0,0,0,
Hapur,Simbhawali,3506,0,0,0,
Hardoi,Ahirori,3601,0,0,0,
Hardoi,Bawan,3602,0,0,0,
Hardoi,Behander,3603,0,0,0,
Hardoi,Bharawan,3604,0,0,0,
Hardoi,Bharkhani,3605,0,0,0,
Hardoi,Bilgram,3606,0,0,0,
Hardoi,Hariyawan,3607,0,0,0,
Hardoi,Harpalpur,3608,0,0,0,
Hardoi,Kachhauna,3609,0,0,0,
Hardoi,Kothawan,3610,0,0,0,
Hardoi,Madhoganj,3611,0,0,0,
Hardoi,Mallawan,3612,0,0,0,
Hardoi,Pali,3623,0,0,0,
Hardoi,Pihani,3613,0,0,0,
Hardoi,Sandi,3614,0,0,0,
Hardoi,Sandila,3615,0,0,0,
Hardoi,Shahabad,3616,0,0,0,
Hardoi,Sursa,3617,0,0,0,
Hardoi,Tadiyawan,3618,0,0,0,
Hardoi,Tonderpur,3619,0,0,0,
Hardoi,Town-Gopamau,3622,0,0,0,
Hardoi,Town-Hardoi,3620,0,0,0,
Hardoi,Town-Patseni,3621,0,0,0,
Hathras,Hasayan,3701,0,0,0,
Hathras,Hathras,3702,0,0,0,
Hathras,Mursan,3703,0,0,0,
Hathras,N.P. Hathras,3704,0,0,0,
Hathras,N.P. S. Rao,3705,0,0,0,
Hathras,Sadabad,3706,0,0,0,
Hathras,Sahpau,3707,0,0,0,
Hathras,Sasni,3708,0,0,0,
Hathras,Sikandra Rao,3709,0,0,0,
Hathras,Town Hasayan,3710,0,0,0,
Hathras,Town Mendu,3711,0,0,0,
Hathras,Town Mursan,3712,0,0,0,
Hathras,Town Sadabad,3713,0,0,0,
Jalaun,Dakore,3801,0,0,0,
Jalaun,Jalaun,3802,0,0,0,
Jalaun,Kadaura,3803,0,0,0,
Jalaun,Kalpi,3804,0,0,0,
Jalaun,Konch,3805,0,0,0,
Jalaun,Kotra,3812,0,0,0,
Jalaun,Kuthond,3806,0,0,0,
Jalaun,Madhogarh,3807,0,0,0,
Jalaun,Mahewa,3808,0,0,0,
Jalaun,Nadigaon,3809,0,0,0,
Jalaun,Orai,3810,0,0,0,
Jalaun,Rampura,3811,0,0,0,
Jalaun,Umari,3923,0,0,0,
Jaunpur,Badlapur,3901,0,0,0,
Jaunpur,Baksha,3902,0,0,0,
Jaunpur,Barsathi,3903,0,0,0,
Jaunpur,Dharmapur,3904,0,0,0,
Jaunpur,Dobhi,3905,0,0,0,
Jaunpur,Jalalpur,3906,0,0,0,
Jaunpur,Karanjakala,3907,0,0,0,
Jaunpur,Kerakat,3908,0,0,0,
Jaunpur,Khutahan,3909,0,0,0,
Jaunpur,Machhali Shahr,3910,0,0,0,
Jaunpur,Mahrajganj,3911,0,0,0,
Jaunpur,Mariyahun,3912,0,0,0,
Jaunpur,Muftiganj,3913,0,0,0,
Jaunpur,Mungra Badshahpur,3914,0,0,0,
Jaunpur,Nagarpalika Jaunpur,3915,0,0,0,
Jaunpur,Ramnagar,3916,0,0,0,
Jaunpur,Rampur,3917,0,0,0,
Jaunpur,Shahganj,3918,0,0,0,
Jaunpur,Sikrara,3919,0,0,0,
Jaunpur,Sirkoni,3920,0,0,0,
Jaunpur,Suithakala,3921,0,0,0,
Jaunpur,Sujanganj,3922,0,0,0,
Jhansi,Babina,4001,0,0,0,
Jhansi,Badagaon,4002,0,0,0,
Jhansi,Bamaur,4003,0,0,0,
Jhansi,Bangra,4004,0,0,0,
Jhansi,Chirgaon,4005,0,0,0,
Jhansi,Gursrai,4006,0,0,0,
Jhansi,Jhansi,4007,0,0,0,
Jhansi,Mauranipur,4008,0,0,0,
Jhansi,Moth,4009,0,0,0,
Kannauj,Chhibramau,4101,0,0,0,
Kannauj,Gugrapur,4102,0,0,0,
Kannauj,Haseran,4103,0,0,0,
Kannauj,Jalalabad,4104,0,0,0,
Kannauj,Kannauj,4105,0,0,0,
Kannauj,Kannauj Nagar,4106,0,0,0,
Kannauj,Saurikh,4107,0,0,0,
Kannauj,Talgram,4108,0,0,0,
Kannauj,Umarda,4109,0,0,0,
Kanpur Dehat,Akbarpur,4201,0,0,0,
Kanpur Dehat,Amrodha,4202,0,0,0,
Kanpur Dehat,Derapur,4203,0,0,0,
Kanpur Dehat,Jhinjhak,4204,0,0,0,
Kanpur Dehat,Jijhak,4205,0,0,0,
Kanpur Dehat,Malasa,4206,0,0,0,
Kanpur Dehat,Miaitha,4207,0,0,0,
Kanpur Dehat,Pukhraya,4208,0,0,0,
Kanpur Dehat,Rajpur,4209,0,0,0,
Kanpur Dehat,Rasulabad,4210,0,0,0,
Kanpur Dehat,Sandalpur,4211,0,0,0,
Kanpur Dehat,Sarvankheda,4212,0,0,0,
Kanpur Dehat,Shvile,4213,0,0,0,
Kanpur Dehat,Sikandra,4214,0,0,0,
Kanpur Nagar,Bhitargaon,4301,0,0,0,
Kanpur Nagar,Bidhnu,4302,0,0,0,
Kanpur Nagar,Bilhaur,4303,0,0,0,
Kanpur Nagar,Chaubepur,4304,0,0,0,
Kanpur Nagar,Ghatampur,4305,0,0,0,
Kanpur Nagar,Govind Nagar,4306,0,0,0,
Kanpur Nagar,Harjender Nagar,4307,0,0,0,
Kanpur Nagar,Kakwan,4308,0,0,0,
Kanpur Nagar,Kalayanpur,4309,0,0,0,
Kanpur Nagar,Naubasta,4310,0,0,0,
Kanpur Nagar,Nawab Ganj,4311,0,0,0,
Kanpur Nagar,Patara,4312,0,0,0,
Kanpur Nagar,Prem Nagar,4313,0,0,0,
Kanpur Nagar,Sadar Bajar,4314,0,0,0,
Kanpur Nagar,Sarsaul,4315,0,0,0,
Kanpur Nagar,Shastri Nagar,4316,0,0,0,
Kanpur Nagar,Shivrajpur,4317,0,0,0,
Kasganj,Amanpur,4401,0,0,0,
Kasganj,Ganjadundawara,4402,0,0,0,
Kasganj,Kasganj,4403,0,0,0,
Kasganj,Nagar Chetra Ganjuddwara,4404,0,0,0,
Kasganj,Nagar Chetra Kasganj,4405,0,0,0,
Kasganj,Nagar Chetra Soron,4406,0,0,0,
Kasganj,Patiyali,4407,0,0,0,
Kasganj,Sahawar,4408,0,0,0,
Kasganj,Sidhapura,4409,0,0,0,
Kasganj,Soron,4410,0,0,0,
Kaushambi,Chail,4501,0,0,0,
Kaushambi,Kara,4502,0,0,0,
Kaushambi,Kaushambi,4503,0,0,0,
Kaushambi,Manjhanpur,4504,0,0,0,
Kaushambi,Muratganj,4505,0,0,0,
Kaushambi,Newada,4506,0,0,0,
Kaushambi,Sarsawan,4507,0,0,0,
Kaushambi,Sirathu,4508,0,0,0,
Kheri,Bankeganj,4601,0,0,0,
Kheri,Behjam,4602,0,0,0,
Kheri,Bijua,4603,0,0,0,
Kheri,Daurahara,4604,0,0,0,
Kheri,Gola,4605,0,0,0,
Kheri,Isanagar,4606,0,0,0,
Kheri,Kumbhigola,4607,0,0,0,
Kheri,Lakhimpur,4608,0,0,0,
Kheri,Mitoli,4609,0,0,0,
Kheri,Mohammadi,4610,0,0,0,
Kheri,Nakaha,4611,0,0,0,
Kheri,Nighasan,4612,0,0,0,
Kheri,Palia,4613,0,0,0,
Kheri,Pasgawan,4614,0,0,0,
Kheri,Phoolbehar,4615,0,0,0,
Kheri,Ramia Behar,4616,0,0,0,
Kushi Nagar,Captainganj,4701,0,0,0,
Kushi Nagar,Captanganj,4702,0,0,0,
Kushi Nagar,Dudhahi,4703,0,0,0,
Kushi Nagar,Fazilnagar,4704,0,0,0,
Kushi Nagar,Hata,4705,0,0,0,
Kushi Nagar,Kasia,4706,0,0,0,
Kushi Nagar,Khadda,4707,0,0,0,
Kushi Nagar,Motichak,4708,0,0,0,
Kushi Nagar,Nebua Naurangiya,4709,0,0,0,
Kushi Nagar,Padrauna,4710,0,0,0,
Kushi Nagar,Ramkola,4711,0,0,0,
Kushi Nagar,Seorahi,4712,0,0,0,
Kushi Nagar,Sukrauli,4713,0,0,0,
Kushi Nagar,Tamkuhiraj,4714,0,0,0,
Kushi Nagar,Vishunpura,4715,0,0,0,
Lalitpur,Bar,4801,0,0,0,
Lalitpur,Birdha,4802,0,0,0,
Lalitpur,Jakhaura,4803,0,0,0,
Lalitpur,Lalitpur Nagar,4804,0,0,0,
Lalitpur,Madawara,4805,0,0,0,
Lalitpur,Mahrauni,4806,0,0,0,
Lalitpur,Mehroni Nagar Panchayat,4807,0,0,0,
Lalitpur,Pali Nagar Panchayat,4808,0,0,0,
Lalitpur,Talbehat,4809,0,0,0,
Lalitpur,Talbehat Nagar Panchayat,4810,0,0,0,
Lucknow,Bakshi Ka Talab,4901,0,0,0,
Lucknow,Chinhat,4902,0,0,0,
Lucknow,Gosaiganj,4903,0,0,0,
Lucknow,Kakori,4904,0,0,0,
Lucknow,Malihabad,4905,0,0,0,
Lucknow,Mall,4906,0,0,0,
Lucknow,Mohanlal Ganj,4907,0,0,0,
Lucknow,Nagar-1,4908,0,0,0,
Lucknow,Nagar-2,4909,0,0,0,
Lucknow,Nagar-3,4910,0,0,0,
Lucknow,Nagar-4,4911,0,0,0,
Lucknow,Sarojini Nagar,4912,0,0,0,
Maharajganj,Anandnagar,5001,0,0,0,
Maharajganj,Bridgemanganj,5002,0,0,0,
Maharajganj,Dhani,5003,0,0,0,
Maharajganj,Ghughuli,5004,0,0,0,
Maharajganj,Lakshmipur,5005,0,0,0,
Maharajganj,Maharajganj,5006,0,0,0,
Maharajganj,Mithaura,5007,0,0,0,
Maharajganj,Nautanwa,5008,0,0,0,
Maharajganj,Nichlaul,5009,0,0,0,
Maharajganj,Paniyara,5010,0,0,0,
Maharajganj,Partawal,5011,0,0,0,
Maharajganj,Pharenda,5012,0,0,0,
Maharajganj,Siswa,5013,0,0,0,
Mahoba,Charkhari,5101,0,0,0,
Mahoba,Jaitpur,5102,0,0,0,
Mahoba,Kabrai,5103,0,0,0,
Mahoba,Kharela,5104,0,0,0,
Mahoba,Kulpahar,5105,0,0,0,
Mahoba,Mahoba,5106,0,0,0,
Mahoba,Panwari,5107,0,0,0,
Mainpuri,Barnahal,5201,0,0,0,
Mainpuri,Bewar,5202,0,0,0,
Mainpuri,Bhogaon,5203,0,0,0,
Mainpuri,Ghiror,5204,0,0,0,
Mainpuri,Jagir,5205,0,0,0,
Mainpuri,Jyoti Khuria,5206,0,0,0,
Mainpuri,Karhal,5207,0,0,0,
Mainpuri,Kishni,5208,0,0,0,
Mainpuri,Kuraoli,5209,0,0,0,
Mainpuri,Kuravali,5210,0,0,0,
Mainpuri,Kusmara,5211,0,0,0,
Mainpuri,Mainpuri,5212,0,0,0,
Mainpuri,Mainpuri City,5213,0,0,0,
Mainpuri,Sultanganj,5214,0,0,0,
Mathura,Baldeo,5301,0,0,0,
Mathura,Chhata,5302,0,0,0,
Mathura,Choumunha,5303,0,0,0,
Mathura,Farah,5304,0,0,0,
Mathura,Goverdhan,5305,0,0,0,
Mathura,Mant,5306,0,0,0,
Mathura,Mathura,5307,0,0,0,
Mathura,Nandgaon,5308,0,0,0,
Mathura,Naujheel,5309,0,0,0,
Mathura,Raya,5310,0,0,0,
Mathura,T.A. Kosikalan,5311,0,0,0,
Mathura,T.A. Mathura,5312,0,0,0,
Mathura,T.A. Vrindaban,5313,0,0,0,
Mau,Badraon,5401,0,0,0,
Mau,Dohri Ghat,5402,0,0,0,
Mau,Fatehpur Madraun,5403,0,0,0,
Mau,Ghosi,5404,0,0,0,
Mau,Kopaganj,5405,0,0,0,
Mau,Maunath Bhanjan,5406,0,0,0,
Mau,Muhammadabad Gohan,5407,0,0,0,
Mau,Pardaha,5408,0,0,0,
Mau,Ranipur,5409,0,0,0,
Mau,Ratanpura,5410,0,0,0,
Meerut,Daurala,5501,0,0,0,
Meerut,Hastinapur,5502,0,0,0,
Meerut,Jani,5503,0,0,0,
Meerut,Kharkhoda,5504,0,0,0,
Meerut,Machhara,5505,0,0,0,
Meerut,Mawana Kala,5506,0,0,0,
Meerut,Meerut,5507,0,0,0,
Meerut,Nagar Chhetra Mawana,5508,0,0,0,
Meerut,Nagar Chhetra Meerut,5509,0,0,0,
Meerut,Nagar Panchayat Bahsuma Hastinapur,5510,0,0,0,
Meerut,Nagar Panchayat Karnawal,5511,0,0,0,
Meerut,Nagar Panchayat Lawad Daurala,5512,0,0,0,
Meerut,Parikshitgarh,5513,0,0,0,
Meerut,Rajpura,5514,0,0,0,
Meerut,Rohata,5515,0,0,0,
Meerut,Sardhana,5516,0,0,0,
Meerut,Sarurpur,5517,0,0,0,
Mirzapur,Chhanvey,5601,0,0,0,
Mirzapur,City Nagar,5602,0,0,0,
Mirzapur,Haliya,5603,0,0,0,
Mirzapur,Jamalpur,5604,0,0,0,
Mirzapur,Kon,5605,0,0,0,
Mirzapur,Lalganj,5606,0,0,0,
Mirzapur,Majhawan,5607,0,0,0,
Mirzapur,Marihan,5608,0,0,0,
Mirzapur,Nagar Palika,5609,0,0,0,
Mirzapur,Nagar Palika Ahraura,5610,0,0,0,
Mirzapur,Nagar Palika Chunar,5611,0,0,0,
Mirzapur,Naraynpur,5612,0,0,0,
Mirzapur,Pahari,5613,0,0,0,
Mirzapur,Rajgarh,5614,0,0,0,
Mirzapur,Shikhar,5615,0,0,0,
Moradabad,Bhagatpur,5701,0,0,0,
Moradabad,Bhojpur Town Area,5711,0,0,0,
Moradabad,Bilari,5702,0,0,0,
Moradabad,Chhajlet,5703,0,0,0,
Moradabad,Dilari,5704,0,0,0,
Moradabad,Kanth Town Area,5710,0,0,0,
Moradabad,Kundarki,5705,0,0,0,
Moradabad,Moradabad,5706,0,0,0,
Moradabad,Mundapandey,5707,0,0,0,
Moradabad,Thakurdwara,5708,0,0,0,
Moradabad,Umri Kalan Town Area,5709,0,0,0,
Muzaffarnagar,Baghra,5801,0,0,0,
Muzaffarnagar,Budhana,5802,0,0,0,
Muzaffarnagar,Charthawal,5803,0,0,0,
Muzaffarnagar,Jansath,5804,0,0,0,
Muzaffarnagar,Khatauli,5805,0,0,0,
Muzaffarnagar,Morna,5806,0,0,0,
Muzaffarnagar,Nagar Area Khatauli,5807,0,0,0,
Muzaffarnagar,Nagar Area Muzaffarnagar,5808,0,0,0,
Muzaffarnagar,Nagar Panchayat Bhokarhedi,5809,0,0,0,
Muzaffarnagar,Nagar Panchayat Budana,5810,0,0,0,
Muzaffarnagar,Nagar Panchayat Charthawal,5811,0,0,0,
Muzaffarnagar,Nagar Panchayat Jansath,5812,0,0,0,
Muzaffarnagar,Nagar Panchayat Mirapur,5813,0,0,0,
Muzaffarnagar,Nagar Panchayat Purkazi,5814,0,0,0,
Muzaffarnagar,Nagar Panchayat Shahpur,5815,0,0,0,
Muzaffarnagar,Nagar Panchayat Sisauli,5816,0,0,0,
Muzaffarnagar,Purkaji,5817,0,0,0,
Muzaffarnagar,Sadar,5818,0,0,0,
Muzaffarnagar,Shahpur,5819,0,0,0,
Pilibhit,Amaria,5901,0,0,0,
Pilibhit,Barkhera,5902,0,0,0,
Pilibhit,Bilsanda,5903,0,0,0,
Pilibhit,Bisalpur,5904,0,0,0,
Pilibhit,Jahanabad,5905,0,0,0,
Pilibhit,Lalorikhera,5906,0,0,0,
Pilibhit,Marauri,5907,0,0,0,
Pilibhit,Nagar Bisalpur,5908,0,0,0,
Pilibhit,Nagar Pilibhit,5909,0,0,0,
Pilibhit,Puranpur,5910,0,0,0,
Pratapgarh,Aaspur Devsara,6001,0,0,0,
Pratapgarh,Baba Belkharnath Dham,6002,0,0,0,
Pratapgarh,Babaganj,6003,0,0,0,
Pratapgarh,Gaura,6004,0,0,0,
Pratapgarh,Kalakankar,6005,0,0,0,
Pratapgarh,Kunda,6006,0,0,0,
Pratapgarh,Lakshmanpur,6007,0,0,0,
Pratapgarh,Lalganj,6008,0,0,0,
Pratapgarh,Mandhata,6009,0,0,0,
Pratapgarh,Mangaraura,6010,0,0,0,
Pratapgarh,Nagar Kshetra,6011,0,0,0,
Pratapgarh,Patti,6012,0,0,0,
Pratapgarh,Rampur Sangramgarh,6013,0,0,0,
Pratapgarh,Sadar,6014,0,0,0,
Pratapgarh,Sandwa Chandrika,6015,0,0,0,
Pratapgarh,Sanghipur,6016,0,0,0,
Pratapgarh,Shivgarh,6017,0,0,0,
Pratapgarh,Vihar,6018,0,0,0,
Prayagraj,Bahadur Pur,6101,0,0,0,
Prayagraj,Bahariya,6102,0,0,0,
Prayagraj,Chaka,6103,0,0,0,
Prayagraj,City (Nagar),6104,0,0,0,
Prayagraj,Dhanoopur,6105,0,0,0,
Prayagraj,Handia,6106,0,0,0,
Prayagraj,Holagarh,6107,0,0,0,
Prayagraj,Jasra,6108,0,0,0,
Prayagraj,Karchhana,6109,0,0,0,
Prayagraj,Kaundhiyara,6110,0,0,0,
Prayagraj,Kaurihar-I,6111,0,0,0,
Prayagraj,Kaurihar-Ii,6112,0,0,0,
Prayagraj,Koraon,6113,0,0,0,
Prayagraj,Manda,6114,0,0,0,
Prayagraj,Mauaima,6115,0,0,0,
Prayagraj,Meja,6116,0,0,0,
Prayagraj,Phul Pur,6117,0,0,0,
Prayagraj,Pratappur,6118,0,0,0,
Prayagraj,Saidabad,6119,0,0,0,
Prayagraj,Shankar Garh,6120,0,0,0,
Prayagraj,Soraon,6121,0,0,0,
Prayagraj,Uruwa,6122,0,0,0,
Rae Bareli,Amawan,6201,0,0,0,
Rae Bareli,Bachhraon,6202,0,0,0,
Rae Bareli,Chhatoh,6203,0,0,0,
Rae Bareli,Dalmau,6204,0,0,0,
Rae Bareli,Deeh,6205,0,0,0,
Rae Bareli,Deenshah Gaura,6206,0,0,0,
Rae Bareli,Harchandpur,6207,0,0,0,
Rae Bareli,Jagatpur,6208,0,0,0,
Rae Bareli,Khiro,6209,0,0,0,
Rae Bareli,Lalganj,6210,0,0,0,
Rae Bareli,Maharajganj,6211,0,0,0,
Rae Bareli,Raebareli,6212,0,0,0,
Rae Bareli,Rahi,6213,0,0,0,
Rae Bareli,Rohiniyan,6214,0,0,0,
Rae Bareli,Salon,6215,0,0,0,
Rae Bareli,Sareni,6216,0,0,0,
Rae Bareli,Sataon,6217,0,0,0,
Rae Bareli,Shivgarh,6218,0,0,0,
Rae Bareli,Unchahar,6219,0,0,0,
Rampur,Bilaspur,6301,0,0,0,
Rampur,Bilaspur Nagar,6302,0,0,0,
Rampur,Chamraua,6303,0,0,0,
Rampur,Milak,6304,0,0,0,
Rampur,Milak Nagar,6305,0,0,0,
Rampur,Rampur Nagar,6306,0,0,0,
Rampur,Saidnagar,6307,0,0,0,
Rampur,Shahabad Nagar,6308,0,0,0,
Rampur,Shahbad,6309,0,0,0,
Rampur,Suar and Tanda and Maswasi Nagar,6310,0,0,0,
Rampur,Swar,6311,0,0,0,
Saharanpur,Baliakheri,6401,0,0,0,
Saharanpur,Deoband,6402,0,0,0,
Saharanpur,Gangoh,6403,0,0,0,
Saharanpur,Mujaffarabad,6404,0,0,0,
Saharanpur,Nagal,6405,0,0,0,
Saharanpur,Nakur,6406,0,0,0,
Saharanpur,Nanauta,6407,0,0,0,
Saharanpur,Punwaraka,6408,0,0,0,
Saharanpur,Rampur,6409,0,0,0,
Saharanpur,Sadhauli Kadeem,6410,0,0,0,
Saharanpur,Saharanpur,6411,0,0,0,
Saharanpur,Sarsawan,6412,0,0,0,
Sambhal,Asmoli,6501,0,0,0,
Sambhal,Babrala,6502,0,0,0,
Sambhal,Bahjoi,6503,0,0,0,
Sambhal,Baniakhera,6504,0,0,0,
Sambhal,Bejohi Town Area,6505,0,0,0,
Sambhal,Chandusi,6506,0,0,0,
Sambhal,Gawan,6507,0,0,0,
Sambhal,Gunnaur,6508,0,0,0,
Sambhal,Gunnor,6509,0,0,0,
Sambhal,Junawai,6510,0,0,0,
Sambhal,Naroli Town Area,6511,0,0,0,
Sambhal,Pawasa,6512,0,0,0,
Sambhal,Rajpura,6513,0,0,0,
Sambhal,Sambhal,6514,0,0,0,
Sambhal,Sirsi Town Area,6515,0,0,0,
Sant Kabeer Nagar,Baghauli,6601,0,0,0,
Sant Kabeer Nagar,Belhar Kala,6602,0,0,0,
Sant Kabeer Nagar,Haisar Bazar,6603,0,0,0,
Sant Kabeer Nagar,Khalilabad,6604,0,0,0,
Sant Kabeer Nagar,Mehdawal,6605,0,0,0,
Sant Kabeer Nagar,Nathnagar,6606,0,0,0,
Sant Kabeer Nagar,Pauli,6607,0,0,0,
Sant Kabeer Nagar,Santha,6608,0,0,0,
Sant Kabeer Nagar,Semariyawan,6609,0,0,0,
Shahjahanpur,Banda,6701,0,0,0,
Shahjahanpur,Bhawalkhera,6702,0,0,0,
Shahjahanpur,Dadrol,6703,0,0,0,
Shahjahanpur,Jaitipur,6704,0,0,0,
Shahjahanpur,Jalalabad,6705,0,0,0,
Shahjahanpur,Kalan,6706,0,0,0,
Shahjahanpur,Kanth,6707,0,0,0,
Shahjahanpur,Katra,6708,0,0,0,
Shahjahanpur,Khutar,6709,0,0,0,
Shahjahanpur,Madnapur,6710,0,0,0,
Shahjahanpur,Mirzapur,6711,0,0,0,
Shahjahanpur,Nigohi,6712,0,0,0,
Shahjahanpur,Powayan,6713,0,0,0,
Shahjahanpur,Shahjahanpur Town Area,6714,0,0,0,
Shahjahanpur,Sidndhauli,6715,0,0,0,
Shahjahanpur,Tilhar,6716,0,0,0,
Shahjahanpur,Tilhar Town Area,6717,0,0,0,
Shamli,Kairana,6801,0,0,0,
Shamli,Kandhla,6802,0,0,0,
Shamli,Nagar Area Kairana,6803,0,0,0,
Shamli,Nagar Area Kandhla,6804,0,0,0,
Shamli,Nagar Area Shamli,6805,0,0,0,
Shamli,Nagar Panchayat Banat,6806,0,0,0,
Shamli,Nagar Panchayat Garhi Pukhta,6807,0,0,0,
Shamli,Nagar Panchayat Jalalabad,6808,0,0,0,
Shamli,Nagar Panchayat Jhinjhana,6809,0,0,0,
Shamli,Nagar Panchayat Thanabhawan,6810,0,0,0,
Shamli,Nagar Panchayat Un,6811,0,0,0,
Shamli,Nagar Panchyat Alium,6812,0,0,0,
Shamli,Shamli,6813,0,0,0,
Shamli,Thanabhawan,6814,0,0,0,
Shamli,Un,6815,0,0,0,
Shravasti,Gilaula,6901,0,0,0,
Shravasti,Hariharpur Rani,6902,0,0,0,
Shravasti,Ikona,6903,0,0,0,
Shravasti,Jamunaha,6904,0,0,0,
Shravasti,Sirsiya,6905,0,0,0,
Siddharth Nagar,Bansi,7001,0,0,0,
Siddharth Nagar,Barhni,7002,0,0,0,
Siddharth Nagar,Bhanwapur,7003,0,0,0,
Siddharth Nagar,Birdpur,7004,0,0,0,
Siddharth Nagar,Domariyaganj,7005,0,0,0,
Siddharth Nagar,Itwa,7006,0,0,0,
Siddharth Nagar,Jogia,7007,0,0,0,
Siddharth Nagar,Khesraha,7008,0,0,0,
Siddharth Nagar,Khuniyaon,7009,0,0,0,
Siddharth Nagar,Lotan,7010,0,0,0,
Siddharth Nagar,Mithwal,7011,0,0,0,
Siddharth Nagar,Naugarh,7012,0,0,0,
Siddharth Nagar,Shohratgarh,7013,0,0,0,
Siddharth Nagar,Uska Bazar,7014,0,0,0,
Sitapur,Behta,7101,0,0,0,
Sitapur,Biswan,7102,0,0,0,
Sitapur,Ealliya,7103,0,0,0,
Sitapur,Gondlamau,7104,0,0,0,
Sitapur,Hargaon,7105,0,0,0,
Sitapur,Kasmanda,7106,0,0,0,
Sitapur,Khairabad,7107,0,0,0,
Sitapur,Laharpur,7108,0,0,0,
Sitapur,Machretha,7109,0,0,0,
Sitapur,Mahmudabad,7110,0,0,0,
Sitapur,Maholi,7111,0,0,0,
Sitapur,Mishrikh,7112,0,0,0,
Sitapur,Nagar Area Biswan,7113,0,0,0,
Sitapur,Nagar Area Khairabad,7114,0,0,0,
Sitapur,Nagar Area Mishrikh,7115,0,0,0,
Sitapur,Nagar Area Sitapur,7116,0,0,0,
Sitapur,Nagar Palika Mahmoodabad,7117,0,0,0,
Sitapur,Pahala,7118,0,0,0,
Sitapur,Parsendi,7119,0,0,0,
Sitapur,Pisawan,7120,0,0,0,
Sitapur,Rampur Mathura,7121,0,0,0,
Sitapur,Reusa,7122,0,0,0,
Sitapur,Sakaran,7123,0,0,0,
Sitapur,Sidhauli,7124,0,0,0,
Sonbhadra,Babhani,7201,0,0,0,
Sonbhadra,Chatra,7202,0,0,0,
Sonbhadra,Chopan,7203,0,0,0,
Sonbhadra,Dudhi,7204,0,0,0,
Sonbhadra,Ghorawal,7205,0,0,0,
Sonbhadra,Karma,7206,0,0,0,
Sonbhadra,Kon,7207,0,0,0,
Sonbhadra,Myorepur,7208,0,0,0,
Sonbhadra,Nagawa,7209,0,0,0,
Sonbhadra,Robertsganj,7210,0,0,0,
Sultanpur,Akhand Nagar,7301,0,0,0,
Sultanpur,Baldirai,7302,0,0,0,
Sultanpur,Bhadaiya,7303,0,0,0,
Sultanpur,Dhanpatganj,7304,0,0,0,
Sultanpur,Dostpur,7305,0,0,0,
Sultanpur,Dubepur,7306,0,0,0,
Sultanpur,Jaisinghpur,7307,0,0,0,
Sultanpur,Kadipur,7308,0,0,0,
Sultanpur,Karaudi Kala,7309,0,0,0,
Sultanpur,Kudwar,7310,0,0,0,
Sultanpur,Kurebhar,7311,0,0,0,
Sultanpur,Lambhua,7312,0,0,0,
Sultanpur,Motigar Pur,7313,0,0,0,
Sultanpur,Pratap Purkamaicha,7314,0,0,0,
Sultanpur,Sultanpur Nagar Area,7315,0,0,0,
Unnao,Asoha,7401,0,0,0,
Unnao,Auras,7402,0,0,0,
Unnao,Bangarmau,7403,0,0,0,
Unnao,Bichhiya,7404,0,0,0,
Unnao,Bighapur,7405,0,0,0,
Unnao,City Area Unnao,7406,0,0,0,
Unnao,Fatehpur Chaurasi,7407,0,0,0,
Unnao,Ganj Muradabd,7408,0,0,0,
Unnao,Hasanganj,7409,0,0,0,
Unnao,Hilauli,7410,0,0,0,
Unnao,Miyaganj,7411,0,0,0,
Unnao,Nawabganj,7412,0,0,0,
Unnao,Purwa,7413,0,0,0,
Unnao,Safipur,7414,0,0,0,
Unnao,Sikandarpur Karan,7415,0,0,0,
Unnao,Sikandarpur Sirosi,7416,0,0,0,
Unnao,Sumerpur,7417,0,0,0,
Varanasi,Arajilines,7501,0,0,0,
Varanasi,Baragaon,7502,0,0,0,
Varanasi,Chiraigaon,7503,0,0,0,
Varanasi,Cholapur,7504,0,0,0,
Varanasi,Harhua,7505,0,0,0,
Varanasi,Kashividyapeeth,7506,0,0,0,
Varanasi,Nagar Kshetra,7507,0,0,0,
Varanasi,Pindra,7508,0,0,0,
Varanasi,Ramnagar,7509,0,0,0,
Varanasi,Sewapuri,7510,0,0,0,
